"variable","percent.contribution","permutation.importance","species"
"bio_13",0,0,"Archibasis_crucigera"
"bio_17",63.7998,43.6053,"Archibasis_crucigera"
"bio_18",0,0,"Archibasis_crucigera"
"bio_3",8.7219,12.3545,"Archibasis_crucigera"
"bio_7",27.4784,44.0402,"Archibasis_crucigera"
"bio_9",0,0,"Archibasis_crucigera"
"bio_15",10.1347,0,"Archibasis_incisura"
"bio_16",3.0718,13.1147,"Archibasis_incisura"
"bio_18",43.7342,41.7848,"Archibasis_incisura"
"bio_2",0,0,"Archibasis_incisura"
"bio_3",0,0,"Archibasis_incisura"
"bio_6",43.0592,45.1006,"Archibasis_incisura"
"bio_15",0,0,"Archibasis_melanocyana"
"bio_18",31.987,30.7736,"Archibasis_melanocyana"
"bio_19",5.7455,7.9491,"Archibasis_melanocyana"
"bio_3",0,0,"Archibasis_melanocyana"
"bio_4",25.1533,26.5695,"Archibasis_melanocyana"
"bio_6",36.8272,34.7078,"Archibasis_melanocyana"
"bio_7",0.287,0,"Archibasis_melanocyana"
"bio_13",28.6124,6.0109,"Archibasis_mimetes"
"bio_15",16.6027,23.2456,"Archibasis_mimetes"
"bio_2",51.6201,64.6752,"Archibasis_mimetes"
"bio_4",3.1648,6.0683,"Archibasis_mimetes"
"bio_9",0,0,"Archibasis_mimetes"
"bio_13",0,0,"Archibasis_oscillans"
"bio_14",0,0,"Archibasis_oscillans"
"bio_18",0,0,"Archibasis_oscillans"
"bio_19",0,0,"Archibasis_oscillans"
"bio_4",0,0,"Archibasis_oscillans"
"bio_8",100,100,"Archibasis_oscillans"
"bio_14",0,0,"Archibasis_rebeccae"
"bio_18",0,0,"Archibasis_rebeccae"
"bio_19",0,0,"Archibasis_rebeccae"
"bio_4",100,100,"Archibasis_rebeccae"
"bio_15",0,0,"Archibasis_tenella"
"bio_18",0,0,"Archibasis_tenella"
"bio_2",20.5112,29.133,"Archibasis_tenella"
"bio_3",0,0,"Archibasis_tenella"
"bio_4",79.2632,68.3488,"Archibasis_tenella"
"bio_8",0.2256,2.5183,"Archibasis_tenella"
"bio_13",5.3738,14.8805,"Archibasis_viola"
"bio_14",4.0599,15.5471,"Archibasis_viola"
"bio_18",2.6095,13.0328,"Archibasis_viola"
"bio_19",9.9733,24.486,"Archibasis_viola"
"bio_3",0.9001,3.4046,"Archibasis_viola"
"bio_4",5.2131,1.9052,"Archibasis_viola"
"bio_6",30.826,19.206,"Archibasis_viola"
"bio_7",41.0443,7.5377,"Archibasis_viola"
